sample_id,cancer_type,TP53_mut,TP53_cn,TP53_exp,FBXO5_mut,FBXO5_cn,FBXO5_exp,HMGA2_exp,ACE2_exp
patient001,breast,wildtype,1,6.402576,wildtype,3,16.85512,1.992523,2.10461
patient002,breast,wildtype,1,23.25454,wildtype,2,14.18326,2.971199,4.211999
patient003,breast,wildtype,2,5.208085,wildtype,2,13.18992,3.599315,2.491971
patient004,breast,wildtype,2,4.917855,wildtype,1,14.30247,2.600729,2.644887
patient005,breast,wildtype,2,13.53751,wildtype,2,10.6519,3.611672,1.678644
patient006,breast,wildtype,1,16.74861,wildtype,2,10.25783,2.53909,4.396253
patient007,breast,wildtype,2,1.552543,wildtype,1,11.09509,2.934212,1.932572
patient008,breast,wildtype,2,12.53151,wildtype,2,12.87353,2.769849,2.889004
patient009,breast,wildtype,2,7.034735,wildtype,2,17.8753,1.912596,3.905982
patient010,breast,wildtype,2,9.751611,wildtype,2,11.74466,1.860854,2.826022
patient011,breast,wildtype,1,9.423292,wildtype,2,14.98561,2.054342,2.776447
patient012,breast,wildtype,2,12.62956,wildtype,3,8.615473,3.973063,3.180989
patient013,breast,wildtype,2,8.625176,wildtype,2,8.558189,2.754639,0.628821
patient014,breast,wildtype,2,19.55995,wildtype,2,0.873391,3.978106,3.608322
patient015,breast,wildtype,1,11.77287,wildtype,2,7.423863,1.685801,3.863702
patient016,breast,wildtype,1,21.87489,wildtype,2,4.614047,3.243786,4.274859
patient017,breast,wildtype,1,12.25671,wildtype,1,14.2148,2.123676,3.234777
patient018,breast,wildtype,2,15.68048,mutant,2,7.508082,2.595848,5.145938
patient019,breast,wildtype,2,5.62213,mutant,2,17.96059,3.884823,4.269275
patient020,breast,wildtype,1,9.964951,wildtype,2,13.20013,2.090256,2.816189
patient021,breast,wildtype,2,11.89309,wildtype,2,17.2865,3.199229,0.673834
patient022,breast,wildtype,2,13.45361,wildtype,2,14.4805,3.180276,5.495997
patient023,breast,wildtype,2,11.81238,wildtype,2,0.755998,6.529755,2.544316
patient024,breast,wildtype,3,13.22513,wildtype,2,14.06901,2.854308,4.871529
patient025,breast,wildtype,1,17.68044,wildtype,3,9.713788,3.282449,4.279983
patient026,breast,wildtype,2,23.25417,wildtype,2,13.51754,2.672025,2.599207
patient027,breast,wildtype,1,5.094586,wildtype,2,18.56816,2.068035,3.923133
patient028,breast,wildtype,3,8.969215,wildtype,2,10.38238,3.03959,4.435228
patient029,breast,wildtype,1,19.23103,mutant,2,16.59994,4.793636,4.835255
patient030,breast,wildtype,1,15.6042,wildtype,2,10.38802,4.737104,4.752523
patient031,breast,wildtype,2,18.56266,wildtype,2,13.2966,3.819651,4.057282
patient032,breast,wildtype,2,17.0012,wildtype,1,17.97805,4.850234,3.059661
patient033,breast,wildtype,2,17.37588,wildtype,1,16.71308,1.206352,5.512807
patient034,breast,wildtype,2,10.34915,wildtype,1,8.302012,4.45448,2.831216
patient035,breast,wildtype,2,21.04388,wildtype,2,8.658618,4.269238,4.384687
patient036,breast,wildtype,2,22.44342,wildtype,2,11.17496,4.265286,3.79236
patient037,breast,wildtype,2,12.12979,wildtype,2,5.776692,3.127287,4.099367
patient038,breast,wildtype,2,15.31918,wildtype,3,8.481701,5.223328,3.107312
patient039,breast,wildtype,2,4.464684,wildtype,2,7.733888,2.157487,3.286831
patient040,breast,wildtype,2,8.967583,wildtype,2,14.05963,3.65406,3.14631
patient041,breast,wildtype,2,7.506921,wildtype,2,2.971126,3.386284,4.8293
patient042,breast,wildtype,2,19.68742,wildtype,2,15.68226,2.245195,3.356295
patient043,breast,wildtype,2,3.629752,wildtype,2,11.31042,3.767276,4.46017
patient044,breast,wildtype,2,5.200598,mutant,3,8.427122,1.884766,3.783682
patient045,breast,wildtype,2,7.655304,mutant,2,17.49634,4.62144,2.910665
patient046,breast,wildtype,1,15.31133,wildtype,2,3.715916,1.868975,4.486807
patient047,breast,wildtype,3,16.26355,wildtype,2,1.137389,4.688226,3.970844
patient048,breast,wildtype,2,11.61753,mutant,2,17.56878,4.656661,3.592218
patient049,breast,wildtype,2,8.53796,wildtype,1,12.92746,5.236261,5.804394
patient050,breast,wildtype,2,16.36726,wildtype,2,16.62925,2.99372,1.224306
patient051,breast,wildtype,2,18.5835,wildtype,2,5.548491,3.247447,2.398626
patient052,breast,wildtype,2,17.44707,wildtype,2,10.82923,4.695767,3.138754
patient053,breast,wildtype,2,12.89524,wildtype,3,12.3106,1.703851,4.011223
patient054,breast,wildtype,1,11.33656,wildtype,2,11.48121,4.262712,4.018671
patient055,breast,wildtype,2,16.78234,wildtype,2,4.795218,3.800608,2.369177
patient056,breast,wildtype,3,12.4731,wildtype,1,9.763686,4.046342,3.891135
patient057,breast,wildtype,1,17.17543,wildtype,2,10.49417,3.870737,3.410799
patient058,breast,wildtype,2,1.439637,wildtype,2,6.661305,3.989828,3.626257
patient059,breast,wildtype,1,13.99265,wildtype,2,18.11624,4.735609,3.720329
patient060,breast,wildtype,2,16.84056,wildtype,2,11.81258,3.200581,3.610878
patient061,breast,wildtype,1,9.121174,wildtype,1,16.06105,5.441893,4.6108
patient062,breast,wildtype,1,10.656,wildtype,2,11.8693,3.156967,2.711095
patient063,breast,wildtype,2,11.74939,wildtype,2,10.98811,3.324277,2.898545
patient064,breast,wildtype,2,10.97004,wildtype,2,12.91054,3.065871,2.436055
patient065,breast,wildtype,2,21.39696,wildtype,2,14.46196,3.185776,2.261886
patient066,breast,wildtype,1,14.65982,wildtype,2,8.060296,4.208458,2.757506
patient067,breast,wildtype,3,15.25318,wildtype,2,12.545,4.07252,3.87049
patient068,breast,wildtype,1,18.19458,wildtype,1,5.824926,5.164855,3.184126
patient069,breast,wildtype,2,7.649181,wildtype,2,3.413085,2.62313,3.738597
patient070,breast,wildtype,2,10.54984,wildtype,2,15.08433,3.920644,3.510632
patient071,breast,wildtype,2,10.07968,mutant,2,5.250065,2.513875,3.928245
patient072,breast,wildtype,2,13.6287,wildtype,2,16.27676,4.449977,3.26688
patient073,breast,wildtype,2,13.45391,mutant,2,10.50792,5.137189,2.43189
patient074,breast,wildtype,2,14.14671,wildtype,2,24.76125,4.346028,1.194945
patient075,breast,wildtype,2,10.03297,wildtype,2,0.230787,3.224691,2.719915
patient076,breast,wildtype,2,17.78741,wildtype,2,17.96303,2.475004,3.281608
patient077,breast,wildtype,2,9.58792,wildtype,2,13.19649,1.58719,2.292219
patient078,breast,wildtype,1,17.35072,wildtype,2,3.463766,4.544422,3.731591
patient079,breast,wildtype,2,14.24689,wildtype,2,12.22492,2.853998,3.252792
patient080,breast,wildtype,1,4.492661,wildtype,2,9.975375,3.537532,1.730369
patient081,breast,wildtype,1,13.3869,wildtype,2,6.790596,5.558307,4.385592
patient082,breast,wildtype,2,12.93364,wildtype,2,11.59509,3.808752,3.787723
patient083,breast,wildtype,2,13.64373,wildtype,2,22.72552,5.918451,3.710316
patient084,breast,wildtype,1,11.59599,wildtype,3,5.833385,4.189496,3.23169
patient085,breast,wildtype,2,10.63779,wildtype,2,3.256654,4.494406,2.464484
patient086,breast,wildtype,2,12.87187,wildtype,2,8.622502,2.999852,4.807583
patient087,breast,wildtype,1,16.17355,wildtype,3,12.02944,4.186254,5.555223
patient088,breast,wildtype,2,11.55779,wildtype,2,10.99189,1.534823,5.949526
patient089,breast,wildtype,2,9.9357,wildtype,2,9.388307,3.897708,2.060282
patient090,breast,wildtype,1,14.63839,wildtype,2,1.768697,3.795775,3.16622
patient091,breast,wildtype,1,11.46303,wildtype,3,10.84728,2.701715,4.171201
patient092,breast,wildtype,2,16.80882,wildtype,2,4.996562,3.678782,4.904515
patient093,breast,wildtype,1,13.93266,wildtype,2,8.472574,4.882494,0.990854
patient094,breast,wildtype,2,9.345215,wildtype,2,7.104658,3.685736,2.761526
patient095,breast,wildtype,2,10.59503,wildtype,2,8.367353,0.257913,4.754177
patient096,breast,wildtype,1,7.667987,wildtype,2,12.30075,2.862076,3.107256
patient097,breast,wildtype,2,6.511209,wildtype,3,9.61501,2.400734,4.730378
patient098,breast,wildtype,2,14.80493,wildtype,2,12.00757,3.616353,2.258998
patient099,breast,wildtype,1,8.01034,wildtype,2,14.28264,1.670973,3.953781
patient100,breast,wildtype,1,19.68729,wildtype,3,10.04248,3.625316,1.965079
patient101,breast,wildtype,2,17.6955,wildtype,2,1.061472,4.72825,4.208009
patient102,breast,wildtype,1,7.433027,wildtype,3,3.6596,4.455425,4.574119
patient103,breast,wildtype,2,6.596043,wildtype,2,21.83898,4.076332,2.311963
patient104,breast,wildtype,2,9.535406,wildtype,2,9.543793,1.963177,1.191938
patient105,breast,wildtype,2,17.53325,wildtype,2,10.29278,3.088545,1.531723
patient106,breast,wildtype,2,10.53687,wildtype,2,15.28772,4.05745,2.09086
patient107,breast,wildtype,1,12.31456,wildtype,2,11.8632,3.737798,3.681442
patient108,breast,wildtype,2,17.2422,wildtype,2,8.118436,3.356874,0.730995
patient109,breast,wildtype,2,25.06983,wildtype,2,11.97106,2.463153,3.488147
patient110,breast,wildtype,2,19.94493,wildtype,2,9.976062,4.710785,1.887727
patient111,breast,mutant,1,15.5612,wildtype,1,18.3714,4.077468,2.573785
patient112,breast,mutant,1,6.800452,wildtype,2,5.680768,3.278397,4.26051
patient113,breast,mutant,2,7.766734,wildtype,3,9.165305,4.546308,3.617171
patient114,breast,mutant,1,5.386081,wildtype,3,14.74967,2.05553,3.101459
patient115,breast,mutant,2,18.5735,wildtype,2,5.116852,1.570728,2.9196
patient116,breast,mutant,2,12.14789,wildtype,2,13.91743,4.611581,2.766952
patient117,breast,mutant,1,21.13293,wildtype,2,4.088343,5.112796,1.97212
patient118,breast,mutant,1,10.97366,wildtype,2,13.40513,3.542134,5.050109
patient119,breast,mutant,2,8.702777,wildtype,2,10.77682,2.051361,2.622206
patient120,breast,mutant,2,27.25329,wildtype,3,-1.9393,3.346767,3.776342
patient121,breast,mutant,2,9.246667,wildtype,2,8.32478,3.388139,3.065873
patient122,breast,mutant,2,10.15613,wildtype,2,14.57227,3.964119,2.750729
patient123,breast,mutant,1,15.00897,wildtype,3,12.65542,3.861449,3.517884
patient124,breast,mutant,2,14.08901,wildtype,2,11.09624,3.539023,2.947306
patient125,breast,mutant,2,9.085451,wildtype,2,9.41308,1.133028,2.696471
patient126,breast,mutant,1,12.98603,wildtype,2,10.29131,3.204807,4.490413
patient127,breast,mutant,2,12.80877,wildtype,2,9.32806,2.379131,3.909635
patient128,breast,mutant,1,21.32706,wildtype,2,14.36571,3.139959,3.016101
patient129,breast,mutant,2,25.26266,wildtype,2,10.4432,1.128842,5.08971
patient130,breast,mutant,2,4.625436,wildtype,2,5.914842,2.96144,3.230336
patient131,breast,mutant,1,15.57586,wildtype,2,14.25431,5.069097,4.00431
patient132,breast,mutant,1,19.42756,wildtype,2,8.541253,4.267743,4.87896
patient133,breast,mutant,2,4.326319,wildtype,2,11.38998,3.381615,2.182197
patient134,breast,mutant,2,12.59452,wildtype,3,5.649724,2.943422,2.627559
patient135,breast,mutant,2,12.66236,wildtype,2,12.51803,4.889526,3.613441
patient136,breast,mutant,1,11.05922,wildtype,2,8.526505,3.370449,1.488102
patient137,breast,mutant,2,22.67946,wildtype,3,9.144097,2.455083,3.986849
patient138,breast,mutant,1,6.55492,wildtype,2,14.95831,4.061443,4.292257
patient139,breast,mutant,2,12.17031,wildtype,2,17.94573,2.216219,3.251491
patient140,breast,mutant,2,10.72664,wildtype,2,11.10551,2.810535,3.055571
patient141,breast,mutant,1,23.18324,wildtype,2,7.809711,3.872645,0.9249
patient142,breast,mutant,1,18.92909,wildtype,2,9.860668,1.613799,3.704845
patient143,breast,mutant,2,8.90816,wildtype,2,18.51529,3.067917,1.149341
patient144,breast,mutant,2,24.84065,wildtype,2,16.34384,2.529049,2.584854
patient145,breast,mutant,1,15.50927,wildtype,2,10.08837,2.95127,4.600799
patient146,breast,mutant,2,20.12405,wildtype,2,6.512651,2.966156,2.619363
patient147,breast,mutant,1,15.22657,wildtype,2,8.42025,2.633728,2.770385
patient148,breast,mutant,2,13.76809,wildtype,2,14.19711,2.861215,5.02009
patient149,breast,mutant,2,16.11859,wildtype,2,5.419403,3.045585,3.5268
patient150,breast,mutant,1,7.338753,wildtype,1,14.16374,4.067775,3.650991
patient151,breast,mutant,2,10.09532,wildtype,1,16.11941,4.970263,4.540342
patient152,breast,mutant,2,7.153135,wildtype,3,8.943737,2.743749,0.823465
patient153,breast,mutant,2,7.65234,mutant,2,12.04285,1.410208,1.568016
patient154,breast,mutant,1,7.78269,wildtype,2,8.139349,4.453178,2.281142
patient155,breast,mutant,2,2.834451,wildtype,2,9.502033,4.67209,2.978001
patient156,breast,mutant,2,20.52288,wildtype,2,7.759656,3.917745,2.932039
patient157,breast,mutant,2,9.260908,wildtype,1,12.02631,3.520274,5.447202
patient158,breast,mutant,2,12.70447,wildtype,2,9.369479,4.332165,5.683333
patient159,breast,mutant,2,23.65597,wildtype,2,8.164821,3.394452,3.497005
patient160,breast,mutant,2,5.045496,wildtype,2,7.454419,3.14988,3.122477
patient161,breast,mutant,2,17.94527,wildtype,2,13.44857,3.585015,3.656521
patient162,breast,mutant,2,16.48474,wildtype,2,12.78369,4.695117,2.59529
patient163,breast,mutant,1,15.23576,wildtype,2,17.55859,2.749418,1.262883
patient164,breast,mutant,2,16.73642,wildtype,2,10.52047,3.328327,4.115767
patient165,breast,mutant,1,25.03547,wildtype,2,10.94382,4.511458,3.065529
patient166,breast,mutant,1,18.22217,wildtype,2,17.53616,3.890386,2.621689
patient167,breast,mutant,1,15.52113,wildtype,2,11.04692,3.208754,3.829163
patient168,breast,mutant,2,13.83012,wildtype,2,10.81147,3.043047,3.124478
patient169,breast,mutant,2,10.70051,wildtype,2,14.05426,2.560206,2.700181
patient170,breast,mutant,2,14.26808,wildtype,2,12.20168,3.774892,3.108123
patient171,breast,mutant,1,11.22501,wildtype,2,9.723465,3.004235,3.442454
patient172,breast,mutant,1,10.78531,wildtype,1,8.952772,3.431293,4.155136
patient173,breast,mutant,2,1.018899,wildtype,2,13.13489,3.799405,5.136897
patient174,breast,mutant,2,18.80963,wildtype,2,1.739257,1.750646,4.882493
patient175,breast,mutant,1,14.23294,wildtype,2,7.449535,3.580092,2.083328
patient176,breast,mutant,1,13.41091,wildtype,2,10.55566,2.830378,0.239222
patient177,breast,mutant,2,8.544832,wildtype,1,4.833797,5.116143,1.473652
patient178,breast,mutant,2,13.73605,wildtype,2,4.320944,3.81922,2.39385
patient179,breast,mutant,1,11.41702,wildtype,2,8.319336,0.965196,1.959486
patient180,breast,mutant,2,17.51848,wildtype,2,13.35581,3.086249,4.33163
patient181,breast,mutant,2,20.24009,wildtype,2,5.800385,3.36853,3.681553
patient182,breast,mutant,2,13.48215,wildtype,3,3.969879,3.210433,4.467237
patient183,breast,mutant,2,13.70624,wildtype,2,6.9562,2.590617,3.473981
patient184,breast,mutant,2,23.79279,wildtype,2,10.57912,2.853904,3.638375
patient185,breast,mutant,2,24.36175,wildtype,2,6.579164,4.811077,2.405645
patient186,breast,mutant,2,1.176157,wildtype,2,14.18487,5.244091,3.655517
patient187,breast,mutant,2,21.46632,wildtype,2,10.38441,2.373659,4.525021
patient188,breast,mutant,2,16.19191,wildtype,2,-6.21066,3.809613,2.626157
patient189,breast,mutant,1,13.55934,wildtype,2,19.02603,3.23829,3.231572
patient190,breast,mutant,1,12.56712,wildtype,2,-0.78928,1.905827,3.536978
patient191,breast,mutant,2,15.96825,wildtype,2,6.985451,2.455874,2.610395
patient192,breast,mutant,2,26.44258,wildtype,3,7.016682,3.938404,4.183202
patient193,breast,mutant,1,17.86224,wildtype,3,4.15101,3.227315,3.584466
patient194,breast,mutant,2,16.39185,wildtype,2,12.15469,3.545009,4.833011
patient195,breast,mutant,1,-0.72401,wildtype,2,14.86208,3.726195,2.45126
patient196,breast,mutant,2,16.78941,wildtype,2,7.021617,2.995873,2.869007
patient197,breast,mutant,2,14.74912,wildtype,2,11.39117,4.711074,2.747621
patient198,breast,mutant,2,14.7448,wildtype,2,9.608397,1.150157,2.221054
patient199,breast,mutant,1,19.6463,wildtype,3,7.96985,2.598653,2.988684
patient200,breast,mutant,1,11.19226,wildtype,3,14.83044,4.31208,4.399204
patient201,lung,wildtype,2,5.309958,wildtype,2,9.949639,3.667992,6.744956
patient202,lung,wildtype,2,8.777215,wildtype,2,15.80623,6.175572,5.888718
patient203,lung,wildtype,1,11.78081,wildtype,2,10.91339,4.972995,6.416832
patient204,lung,wildtype,2,5.052774,wildtype,2,16.51591,7.758844,4.2605
patient205,lung,wildtype,2,15.10901,wildtype,2,10.9837,1.515613,6.547065
patient206,lung,wildtype,1,8.35549,wildtype,2,16.59139,5.141606,1.44469
patient207,lung,wildtype,2,-0.50337,wildtype,2,15.86087,3.540456,8.377423
patient208,lung,wildtype,3,0.49314,wildtype,2,15.95042,4.190639,4.47975
patient209,lung,wildtype,1,13.09583,wildtype,2,9.216325,7.927771,3.094088
patient210,lung,wildtype,1,13.65679,wildtype,2,8.99722,5.284175,8.329039
patient211,lung,wildtype,1,1.75015,wildtype,3,13.49809,7.204987,2.545769
patient212,lung,wildtype,2,10.67197,wildtype,3,14.06058,11.68568,3.288113
patient213,lung,wildtype,2,1.144821,mutant,2,20.44718,4.304976,4.091915
patient214,lung,wildtype,2,-4.38047,wildtype,1,11.32252,6.527054,1.703985
patient215,lung,wildtype,1,6.834199,wildtype,2,23.43696,7.888399,3.230627
patient216,lung,wildtype,2,-2.29963,wildtype,2,18.26064,5.13747,0.640394
patient217,lung,wildtype,2,12.73698,wildtype,1,19.91168,2.599417,6.127883
patient218,lung,wildtype,1,9.327689,wildtype,2,9.876104,4.232886,7.045355
patient219,lung,wildtype,2,-0.84999,wildtype,2,13.78041,5.520233,2.004703
patient220,lung,wildtype,2,12.51458,wildtype,2,18.77061,12.07519,9.794155
patient221,lung,wildtype,1,24.04425,wildtype,2,10.21186,7.431552,4.747893
patient222,lung,wildtype,2,3.932747,wildtype,2,13.50206,4.89858,5.213696
patient223,lung,wildtype,1,-1.4633,wildtype,2,16.68981,5.507902,7.139132
patient224,lung,wildtype,1,3.707775,wildtype,1,11.33306,6.895719,7.373643
patient225,lung,wildtype,2,6.316132,wildtype,3,12.58309,1.981439,4.536051
patient226,lung,wildtype,2,16.32493,wildtype,3,4.725879,9.353007,8.471374
patient227,lung,wildtype,2,11.04973,wildtype,2,17.44691,5.349789,3.686116
patient228,lung,wildtype,2,11.07172,wildtype,2,14.98447,5.172185,1.282525
patient229,lung,wildtype,2,7.157971,wildtype,2,16.47113,10.57436,5.242863
patient230,lung,wildtype,1,11.28204,mutant,2,12.27901,2.262859,3.994305
patient231,lung,wildtype,1,1.868047,wildtype,2,9.135047,4.493343,7.248143
patient232,lung,wildtype,2,3.742715,wildtype,1,20.01699,9.06978,5.764411
patient233,lung,wildtype,2,11.59597,wildtype,2,4.285494,7.460209,6.864227
patient234,lung,wildtype,2,8.906598,wildtype,2,16.16977,4.001374,9.091834
patient235,lung,wildtype,2,8.450451,wildtype,2,13.33484,7.082563,5.39393
patient236,lung,wildtype,1,7.924066,wildtype,2,18.24034,4.017626,4.021465
patient237,lung,wildtype,1,6.9252,wildtype,2,20.88801,4.12547,4.230627
patient238,lung,wildtype,2,4.023956,mutant,3,17.57784,6.862068,4.991138
patient239,lung,wildtype,3,7.251427,wildtype,2,16.95147,4.342026,10.01433
patient240,lung,wildtype,1,8.945993,wildtype,1,19.76742,3.920925,0.192259
patient241,lung,wildtype,2,-0.91483,wildtype,2,15.7526,4.009205,4.321588
patient242,lung,wildtype,2,14.56272,wildtype,2,17.18358,8.021262,7.593527
patient243,lung,wildtype,2,17.67141,wildtype,2,15.70561,6.895289,4.886023
patient244,lung,mutant,2,7.723621,wildtype,2,15.76246,3.283099,8.532219
patient245,lung,mutant,2,13.67998,mutant,2,12.46462,5.493123,6.74208
patient246,lung,mutant,2,6.999115,wildtype,3,6.936395,2.640481,3.131808
patient247,lung,mutant,2,3.080641,wildtype,1,14.02421,4.905836,4.190277
patient248,lung,mutant,2,12.86131,wildtype,1,3.710821,7.06222,3.93952
patient249,lung,mutant,1,7.87181,wildtype,3,5.605118,6.618984,6.705119
patient250,lung,mutant,1,7.072505,wildtype,3,16.148,5.97138,5.834059
patient251,lung,mutant,2,2.129987,wildtype,1,13.29901,4.141196,2.291155
patient252,lung,mutant,1,11.77092,mutant,2,15.92724,5.242018,2.825264
patient253,lung,mutant,2,23.71316,wildtype,3,8.598134,1.702753,1.727233
patient254,lung,mutant,1,10.52505,wildtype,2,11.67105,7.695397,6.260393
patient255,lung,mutant,2,7.551395,wildtype,1,8.070939,5.768286,3.590908
patient256,lung,mutant,2,14.80281,wildtype,1,5.063287,-0.35276,0.398307
patient257,lung,mutant,2,10.80891,wildtype,1,6.493271,6.419183,4.975266
patient258,lung,mutant,2,5.722101,wildtype,3,12.65811,2.927474,6.547822
patient259,lung,mutant,2,-0.47949,wildtype,3,10.28321,7.330237,6.090691
patient260,lung,mutant,1,3.523195,wildtype,1,17.37618,1.32342,3.504541
patient261,lung,mutant,2,5.160882,wildtype,2,18.33065,1.033544,3.510568
patient262,lung,mutant,3,14.6614,wildtype,1,20.60223,7.013094,6.20576
patient263,lung,mutant,2,14.61162,wildtype,2,15.99704,9.003767,5.259406
patient264,lung,mutant,1,18.72752,wildtype,2,12.25939,6.651988,0.011706
patient265,lung,mutant,2,14.39019,wildtype,2,17.32492,6.544047,6.842982
patient266,lung,mutant,1,16.5044,wildtype,1,18.06073,4.790245,2.268786
patient267,lung,mutant,2,6.092684,wildtype,1,19.19683,5.265309,5.52859
patient268,lung,mutant,1,15.69011,wildtype,2,3.245565,5.750611,-2.0404
patient269,lung,mutant,1,0.623253,mutant,1,15.31407,3.772445,5.351241
patient270,lung,mutant,2,11.29246,wildtype,2,10.46993,7.107637,10.04217
patient271,lung,mutant,2,-0.30462,wildtype,1,15.19242,4.180248,4.988694
patient272,lung,mutant,2,0.316275,wildtype,2,15.42915,6.688431,6.335541
patient273,lung,mutant,2,5.904137,wildtype,1,26.93179,9.462469,4.988741
patient274,lung,mutant,2,3.951162,wildtype,2,14.88138,4.883562,0.521811
patient275,lung,mutant,2,6.252393,wildtype,2,11.7052,3.608978,6.046218
patient276,lung,mutant,2,7.150153,mutant,3,13.01003,4.148382,8.317172
patient277,lung,mutant,2,6.673778,wildtype,2,12.48316,6.869212,4.783329
patient278,lung,mutant,1,7.60497,wildtype,1,4.892419,4.478156,5.854926
patient279,lung,mutant,3,13.35537,wildtype,2,9.741108,-0.30911,8.20782
patient280,lung,mutant,2,1.969722,wildtype,1,11.54411,6.109346,6.054858
patient281,lung,mutant,2,6.222867,wildtype,3,16.47461,5.409125,0.706157
patient282,lung,mutant,3,-7.73724,mutant,2,13.41843,3.433094,3.571232
patient283,lung,mutant,2,9.836259,wildtype,2,12.17802,3.492017,3.634752
patient284,lung,mutant,2,14.79107,wildtype,2,12.72996,9.722443,0.694779
patient285,lung,mutant,1,16.9541,wildtype,2,15.34258,3.031592,3.57296
patient286,lung,mutant,1,9.255182,wildtype,2,23.19523,3.073097,3.13158
patient287,lung,mutant,2,10.99868,wildtype,2,11.03546,5.998431,2.237365
patient288,lung,mutant,2,5.664155,wildtype,2,5.070152,5.341389,2.328364
patient289,lung,mutant,2,5.620802,wildtype,2,8.226957,5.328822,6.313705
patient290,lung,mutant,2,12.48834,wildtype,2,6.442845,7.948916,3.330092
patient291,lung,mutant,1,7.327973,wildtype,2,14.2126,6.119065,8.876875
patient292,lung,mutant,2,8.688169,wildtype,2,17.31204,4.236092,6.608711
patient293,lung,mutant,2,4.759308,wildtype,2,16.63819,3.90737,8.750904
patient294,lung,mutant,1,15.11609,wildtype,2,3.489919,4.185564,6.022524
patient295,lung,mutant,1,14.22737,wildtype,2,10.31758,9.668975,9.367349
patient296,lung,mutant,2,1.610046,wildtype,2,6.74481,6.351105,5.56734
patient297,lung,mutant,1,17.88474,wildtype,2,12.40581,4.579853,3.803692
patient298,lung,mutant,2,7.036734,wildtype,2,20.26139,5.279799,0.745682
patient299,lung,mutant,2,4.918024,wildtype,2,15.89221,7.15495,4.583043
patient300,lung,mutant,2,14.76235,wildtype,3,11.44005,1.022843,9.268559
patient301,prostate,wildtype,2,13.5429,wildtype,2,11.08129,6.343057,7.246956
patient302,prostate,wildtype,2,14.03431,wildtype,2,4.759932,9.951728,6.024
patient303,prostate,wildtype,2,14.52898,wildtype,2,-2.65517,0.50635,9.08255
patient304,prostate,wildtype,1,17.91422,wildtype,2,10.00327,6.681886,4.506637
patient305,prostate,wildtype,2,13.17947,wildtype,2,3.079622,5.512356,5.738046
patient306,prostate,wildtype,1,21.6686,wildtype,2,9.236525,7.159273,7.643815
patient307,prostate,wildtype,1,14.46292,wildtype,2,6.918814,2.897412,2.712663
patient308,prostate,wildtype,2,18.21376,wildtype,2,12.63394,5.381768,6.735488
patient309,prostate,wildtype,2,14.83208,wildtype,2,6.699706,6.908649,4.899097
patient310,prostate,wildtype,2,16.00164,wildtype,2,10.75326,11.07568,9.513833
patient311,prostate,wildtype,2,12.67688,wildtype,2,9.197542,5.418186,8.253279
patient312,prostate,wildtype,2,22.89699,wildtype,2,7.579326,-0.09985,9.599631
patient313,prostate,wildtype,1,7.033348,wildtype,2,14.18531,7.316025,4.410652
patient314,prostate,wildtype,2,15.43271,wildtype,2,10.06237,7.090238,1.815222
patient315,prostate,wildtype,2,17.70665,wildtype,2,11.71406,5.222082,9.200738
patient316,prostate,wildtype,2,16.03346,wildtype,2,15.95987,5.32259,5.658738
patient317,prostate,wildtype,1,18.24276,wildtype,1,4.69911,7.494936,6.346055
patient318,prostate,wildtype,2,15.79317,wildtype,2,7.241999,6.00053,5.586593
patient319,prostate,wildtype,2,16.80693,mutant,2,10.96266,4.712458,9.427006
patient320,prostate,wildtype,2,15.8481,wildtype,2,6.631429,8.305672,7.763262
patient321,prostate,wildtype,2,9.915281,wildtype,2,4.978099,9.193926,6.119344
patient322,prostate,wildtype,2,16.69131,wildtype,2,8.205093,8.75945,10.11312
patient323,prostate,wildtype,2,12.49181,wildtype,2,7.739441,6.363906,5.58073
patient324,prostate,wildtype,2,21.76883,wildtype,2,6.793292,2.624875,9.88491
patient325,prostate,wildtype,2,17.03147,wildtype,2,6.27879,3.81563,8.628835
patient326,prostate,wildtype,2,12.85798,wildtype,2,11.12451,9.928985,4.879124
patient327,prostate,wildtype,2,11.40792,wildtype,2,9.266774,6.067935,4.247234
patient328,prostate,wildtype,2,12.73504,wildtype,2,10.02203,6.301474,7.43658
patient329,prostate,wildtype,2,16.52671,wildtype,2,3.056658,3.136837,4.05339
patient330,prostate,wildtype,2,18.29153,wildtype,1,18.03204,3.615025,5.864583
patient331,prostate,wildtype,2,13.08883,wildtype,2,5.222118,5.552391,5.399066
patient332,prostate,wildtype,2,10.66853,wildtype,3,9.456286,2.935985,10.46431
patient333,prostate,wildtype,2,17.43184,wildtype,2,9.37014,5.867538,9.969632
patient334,prostate,wildtype,1,14.40774,wildtype,2,10.47825,4.167457,12.42653
patient335,prostate,wildtype,2,3.507504,wildtype,2,13.35179,7.73613,1.407217
patient336,prostate,wildtype,2,15.77239,wildtype,2,13.52569,0.911749,9.957227
patient337,prostate,wildtype,2,21.4684,wildtype,2,8.010099,5.211628,1.971369
patient338,prostate,wildtype,2,17.89778,wildtype,2,7.829737,11.64527,10.70647
patient339,prostate,wildtype,2,15.42699,wildtype,2,12.10975,8.673404,7.676827
patient340,prostate,wildtype,2,8.189351,wildtype,2,6.001527,0.816008,5.35366
patient341,prostate,wildtype,2,6.918197,wildtype,2,8.659245,8.45785,5.65307
patient342,prostate,mutant,2,10.94102,wildtype,2,10.28008,5.969221,5.637302
patient343,prostate,mutant,2,18.16089,wildtype,2,9.513174,9.126113,5.227764
patient344,prostate,mutant,1,12.19437,wildtype,2,10.10439,8.502338,5.126473
patient345,prostate,mutant,2,13.70578,wildtype,3,12.16702,6.207419,9.588496
patient346,prostate,mutant,2,24.428,wildtype,2,3.564758,9.741276,3.77223
patient347,prostate,mutant,2,15.9974,wildtype,2,10.70529,6.323674,4.598039
patient348,prostate,mutant,1,8.519238,wildtype,2,14.17951,9.279527,7.725894
patient349,prostate,mutant,2,15.35223,wildtype,2,13.39285,5.797057,4.116464
patient350,prostate,mutant,2,16.91315,wildtype,2,7.018925,11.39542,2.168394
patient351,skin,wildtype,2,6.285655,wildtype,2,12.78582,4.677941,17.38741
patient352,skin,wildtype,2,10.8112,wildtype,1,13.64588,17.1616,15.26831
patient353,skin,wildtype,2,14.17001,wildtype,2,14.45843,-5.05968,8.784979
patient354,skin,wildtype,2,11.29026,wildtype,2,18.1381,6.562029,9.91067
patient355,skin,wildtype,1,14.73909,wildtype,3,12.82499,7.822859,9.729524
patient356,skin,wildtype,2,18.29247,wildtype,2,16.06342,-3.17299,7.140867
patient357,skin,wildtype,2,5.820718,wildtype,2,17.02634,7.936277,9.768827
patient358,skin,wildtype,3,17.6754,wildtype,2,10.66202,15.01409,11.03395
patient359,skin,wildtype,2,9.500651,wildtype,2,5.551197,4.593438,0.63619
patient360,skin,wildtype,3,15.87476,wildtype,2,23.93136,12.61031,11.44118
patient361,skin,wildtype,2,13.70353,wildtype,2,14.59635,-1.65059,10.82421
patient362,skin,wildtype,2,9.782151,wildtype,2,14.19621,12.32979,22.59299
patient363,skin,wildtype,2,11.05433,wildtype,2,5.628203,-0.62414,9.31614
patient364,skin,wildtype,2,9.596964,mutant,2,7.384648,14.00205,2.526403
patient365,skin,wildtype,2,11.15595,wildtype,2,17.55822,2.607236,-1.67798
patient366,skin,wildtype,2,13.70517,wildtype,3,10.81282,12.74423,6.487866
patient367,skin,wildtype,2,16.55101,wildtype,2,15.36773,16.66173,16.80646
patient368,skin,wildtype,2,21.42231,wildtype,2,10.79147,14.37943,11.18473
patient369,skin,wildtype,2,13.01906,wildtype,2,8.81878,3.55264,5.555412
patient370,skin,wildtype,2,18.41952,wildtype,2,24.93049,11.53547,-0.78797
patient371,skin,wildtype,2,17.84045,wildtype,1,5.129348,10.51431,6.2575
patient372,skin,wildtype,3,12.43454,wildtype,2,6.195394,4.612908,10.63992
patient373,skin,wildtype,3,13.95918,wildtype,2,16.55155,10.70303,-6.70461
patient374,skin,wildtype,2,29.21964,wildtype,2,7.189868,1.347723,1.717742
patient375,skin,wildtype,2,19.5377,wildtype,2,13.69828,6.418501,0.531936
patient376,skin,wildtype,1,19.62173,wildtype,2,14.39464,3.370834,14.86236
patient377,skin,wildtype,2,3.842035,wildtype,2,-1.10834,8.354268,4.2109
patient378,skin,wildtype,3,10.19051,wildtype,2,4.281468,4.618866,9.398192
patient379,skin,wildtype,2,13.41036,wildtype,3,6.844492,3.623077,17.57641
patient380,skin,wildtype,2,15.13586,wildtype,2,5.562414,14.48397,11.53597
patient381,skin,wildtype,2,29.58615,wildtype,2,4.569889,8.658417,11.34903
patient382,skin,wildtype,2,8.752286,wildtype,2,14.168,0.147303,16.17759
patient383,skin,wildtype,2,7.666413,wildtype,1,18.65217,15.18317,16.87123
patient384,skin,wildtype,2,7.554516,wildtype,2,12.30849,11.03015,-0.46715
patient385,skin,mutant,2,17.632,wildtype,3,14.54505,6.066782,10.20428
patient386,skin,mutant,1,17.66531,wildtype,2,9.069932,1.031161,6.441642
patient387,skin,mutant,2,21.19232,mutant,2,7.011831,0.014288,5.302972
patient388,skin,mutant,2,25.58764,wildtype,1,11.60811,6.291205,3.816571
patient389,skin,mutant,2,18.7887,wildtype,2,14.70671,14.40215,15.18335
patient390,skin,mutant,3,10.00681,wildtype,2,23.72889,8.181468,9.935407
patient391,skin,mutant,2,22.9003,wildtype,2,9.943392,9.362863,3.344117
patient392,skin,mutant,3,5.013312,wildtype,3,17.32223,5.243327,8.968489
patient393,skin,mutant,3,17.96927,wildtype,2,15.344,5.653954,7.06997
patient394,skin,mutant,2,1.172541,wildtype,2,14.9431,12.87597,2.782195
patient395,skin,mutant,2,11.59005,wildtype,2,15.54573,10.42714,16.58917
patient396,skin,mutant,2,25.90485,wildtype,3,14.40833,11.60333,12.96471
patient397,skin,mutant,1,12.07184,wildtype,2,19.90324,0.71395,16.74103
patient398,skin,mutant,3,13.04037,wildtype,2,9.590055,1.56765,6.33937
patient399,skin,mutant,3,15.97572,wildtype,2,12.78521,10.65251,6.036388
patient400,skin,mutant,2,15.39123,wildtype,2,13.5378,8.050592,3.834454
